<?xml version="1.0" encoding="UTF-8"?>
<metadata xml:lang="en"><Esri><CreaDate>20190315</CreaDate><CreaTime>13174700</CreaTime><ArcGISFormat>1.0</ArcGISFormat><ArcGISstyle>FGDC CSDGM Metadata</ArcGISstyle><SyncOnce>FALSE</SyncOnce><DataProperties><lineage><Process ToolSource="c:\program files (x86)\arcgis\desktop10.2\ArcToolbox\Toolboxes\Data Management Tools.tbx\CalculateField" Date="20170624" Time="141235">CalculateField CCE_Template_WGS84 STRATUM "CCE" VB #</Process><Process ToolSource="c:\program files (x86)\arcgis\desktop10.2\ArcToolbox\Toolboxes\Data Management Tools.tbx\CalculateField" Date="20170624" Time="141646">CalculateField CCE_Template_360sec_WGS84 UID [OBJECTID] VB #</Process><Process ToolSource="c:\program files (x86)\arcgis\desktop10.2\ArcToolbox\Toolboxes\Data Management Tools.tbx\CalculateField" Date="20170705" Time="112723">CalculateField CCE_Template_360sec_WGS84 MODEL_TYPE "Habitat based density model" VB #</Process><Process ToolSource="c:\program files (x86)\arcgis\desktop10.2\ArcToolbox\Toolboxes\Data Management Tools.tbx\CalculateField" Date="20170705" Time="112740">CalculateField CCE_Template_360sec_WGS84 STUDY "Becker et al in prep" VB #</Process><Process ToolSource="c:\program files (x86)\arcgis\desktop10.2\ArcToolbox\Toolboxes\Data Management Tools.tbx\CalculateField" Date="20170706" Time="094535">CalculateField CCE_Template_360sec_WGS84 MODEL_TYPE "Average density values calculated from northern HBDM data points" VB #</Process><Process ToolSource="c:\program files (x86)\arcgis\desktop10.2\ArcToolbox\Toolboxes\Data Management Tools.tbx\CalculateField" Date="20170706" Time="094749">CalculateField CCE_Template_360sec_WGS84 MODEL_TYPE "Average calculation of northern HBDM values" VB #</Process><Process ToolSource="c:\program files (x86)\arcgis\desktop10.2\ArcToolbox\Toolboxes\Data Management Tools.tbx\CalculateField" Date="20170706" Time="094829">CalculateField CCE_Template_360sec_WGS84 STUDY "ManTech NMSDD PhaseIII" VB #</Process><Process ToolSource="c:\program files (x86)\arcgis\desktop10.2\ArcToolbox\Toolboxes\Data Management Tools.tbx\CalculateField" Date="20170706" Time="094844">CalculateField CCE_Template_360sec_WGS84 STUDY "ManTech NMSDD PhaseIII Processing" VB #</Process><Process ToolSource="c:\program files (x86)\arcgis\desktop10.2\ArcToolbox\Toolboxes\Data Management Tools.tbx\CalculateField" Date="20170706" Time="095446">CalculateField CCE_Template_360sec_WGS84 STUDY "Derived by ManTech for NMSDD Phase III”" VB #</Process><Process ToolSource="c:\program files (x86)\arcgis\desktop10.2\ArcToolbox\Toolboxes\Data Management Tools.tbx\CalculateField" Date="20170706" Time="095540">CalculateField CCE_Template_360sec_WGS84 STUDY "Calculated by ManTech based on Becker et al in prep" VB #</Process><Process ToolSource="c:\program files (x86)\arcgis\desktop10.2\ArcToolbox\Toolboxes\Data Management Tools.tbx\CalculateField" Date="20170706" Time="103509">CalculateField Blue_whale_summer SPECIES "Blue whale" VB #</Process><Process ToolSource="c:\program files (x86)\arcgis\desktop10.2\ArcToolbox\Toolboxes\Data Management Tools.tbx\CalculateField" Date="20170706" Time="103522">CalculateField Blue_whale_summer SPECIES_2 "Balaenoptera musculus" VB #</Process><Process ToolSource="c:\program files (x86)\arcgis\desktop10.2\ArcToolbox\Toolboxes\Data Management Tools.tbx\RepairGeometry" Date="20170706" Time="103612">RepairGeometry Blue_whale_summer DELETE_NULL</Process><Process ToolSource="c:\program files (x86)\arcgis\desktop10.2\ArcToolbox\Toolboxes\Data Management Tools.tbx\CalculateField" Date="20170706" Time="104001">CalculateField Blue_whale_summer ABUNDANCE "[DENSITY] * [AREA_SQKM]" VB #</Process><Process ToolSource="c:\program files (x86)\arcgis\desktop10.2\ArcToolbox\Toolboxes\Data Management Tools.tbx\Append" Date="20170707" Time="092801">Append 'E:\ESRI\MMDS\Phase III\Projects\NWTT\Data_Development\Data\TemplateGridLayers.gdb\NWTT_Template_Offshore_NW_360sec_WGS84' "E:\ESRI\MMDS\Phase III\Projects\NWTT\Data_Development\Data\HDBM_Processing\HBDM.gdb\Blue_whale_summer" TEST # #</Process><Process ToolSource="c:\program files (x86)\arcgis\desktop10.2\ArcToolbox\Toolboxes\Data Management Tools.tbx\CalculateField" Date="20170707" Time="093141">CalculateField Blue_whale_summer SPECIES "Blue whale" VB #</Process><Process ToolSource="c:\program files (x86)\arcgis\desktop10.2\ArcToolbox\Toolboxes\Data Management Tools.tbx\CalculateField" Date="20170707" Time="093151">CalculateField Blue_whale_summer SPECIES_2 "Balaenoptera musculus" VB #</Process><Process ToolSource="c:\program files (x86)\arcgis\desktop10.2\ArcToolbox\Toolboxes\Data Management Tools.tbx\CalculateField" Date="20170707" Time="093203">CalculateField Blue_whale_summer DENSITY 0.000037 VB #</Process><Process ToolSource="c:\program files (x86)\arcgis\desktop10.2\ArcToolbox\Toolboxes\Data Management Tools.tbx\CalculateField" Date="20170707" Time="093225">CalculateField Blue_whale_summer ABUNDANCE "[DENSITY] * [AREA_SQKM]" VB #</Process><Process Name="Calculate Field" ToolSource="c:\program files (x86)\arcgis\desktop10.2\ArcToolbox\Toolboxes\Data Management Tools.tbx\CalculateField" Date="20170811" Time="150105">CalculateField "E:\ESRI\MMDS\Phase III\Projects\NWTT\Data_Development\Data\HDBM_Processing\HBDM.gdb\Blue_whale_fall" SEASON "Fall" VB #</Process><Process Name="Calculate Field" ToolSource="c:\program files (x86)\arcgis\desktop10.2\ArcToolbox\Toolboxes\Data Management Tools.tbx\CalculateField" Date="20170816" Time="141641">CalculateField Blue_whale_fall_Layer STUDY "Density value of adjacent HBDM results from Becker et al in prep" VB #</Process><Process Name="Calculate Field (2)" ToolSource="c:\program files (x86)\arcgis\desktop10.2\ArcToolbox\Toolboxes\Data Management Tools.tbx\CalculateField" Date="20170816" Time="141642">CalculateField Blue_whale_fall_Layer MODEL_TYPE "Density value of adjacent HBDM data" VB #</Process><Process Name="Calculate Field" ToolSource="c:\program files (x86)\arcgis\desktop10.2\ArcToolbox\Toolboxes\Data Management Tools.tbx\CalculateField" Date="20170816" Time="145219">CalculateField Blue_whale_fall_Layer1 STUDY "Density value of adjacent HBDM results from Becker et al in prep" VB #</Process><Process Name="Calculate Field (2)" ToolSource="c:\program files (x86)\arcgis\desktop10.2\ArcToolbox\Toolboxes\Data Management Tools.tbx\CalculateField" Date="20170816" Time="145221">CalculateField Blue_whale_fall_Layer2 MODEL_TYPE "Density value of adjacent HBDM data" VB #</Process><Process Name="Calculate Field (3)" ToolSource="c:\program files (x86)\arcgis\desktop10.2\ArcToolbox\Toolboxes\Data Management Tools.tbx\CalculateField" Date="20170816" Time="145222">CalculateField Blue_whale_fall_Layer3 STUDY "Density value of adjacent HBDM results from Becker et al in prep" VB #</Process><Process Name="Calculate Field (4)" ToolSource="c:\program files (x86)\arcgis\desktop10.2\ArcToolbox\Toolboxes\Data Management Tools.tbx\CalculateField" Date="20170816" Time="145224">CalculateField Blue_whale_fall_Layer4 MODEL_TYPE "Density value of adjacent HBDM data" VB #</Process><Process Name="Calculate Field" ToolSource="c:\program files (x86)\arcgis\desktop10.2\ArcToolbox\Toolboxes\Data Management Tools.tbx\CalculateField" Date="20170816" Time="162150">CalculateField "E:\ESRI\MMDS\Phase III\Projects\NWTT\Data_Development\Data\HDBM_Processing\HBDM.gdb\Blue_whale_fall" AREA_SQKM !SHAPE.AREA@SQUAREKILOMETERS! PYTHON_9.3 #</Process><Process Name="Calculate Field (2)" ToolSource="c:\program files (x86)\arcgis\desktop10.2\ArcToolbox\Toolboxes\Data Management Tools.tbx\CalculateField" Date="20170816" Time="162154">CalculateField "E:\ESRI\MMDS\Phase III\Projects\NWTT\Data_Development\Data\HDBM_Processing\HBDM.gdb\Blue_whale_fall" ABUNDANCE "[DENSITY] * [AREA_SQKM]" VB #</Process><Process ToolSource="c:\program files (x86)\arcgis\desktop10.2\ArcToolbox\Toolboxes\Data Management Tools.tbx\CopyFeatures" Date="20170817" Time="103326">CopyFeatures "E:\ESRI\MMDS\Phase III\Projects\NWTT\Data_Development\Data\HDBM_Processing\HBDM.gdb\Blue_whale_fall" "E:\ESRI\MMDS\Phase III\Projects\NWTT\Data_Development\Data\NMSDD_PhaseIII_NWTT_offshore.gdb\Blue_whale_fall" # 0 0 0</Process><Process Name="Calculate Field" ToolSource="c:\program files (x86)\arcgis\desktop10.2\ArcToolbox\Toolboxes\Data Management Tools.tbx\CalculateField" Date="20170818" Time="135746">CalculateField Blue_whale_fall_Layer UID NULL VB #</Process><Process Name="Calculate Field Calc KM" ToolSource="c:\program files (x86)\arcgis\desktop10.2\ArcToolbox\Toolboxes\Data Management Tools.tbx\CalculateField" Date="20170818" Time="141439">CalculateField "E:\ESRI\MMDS\Phase III\Projects\NWTT\Data_Development\Data\NMSDD_PhaseIII_NWTT_offshore.gdb\Blue_whale_fall" AREA_SQKM !SHAPE.AREA@SQUAREKILOMETERS! PYTHON_9.3 #</Process><Process Name="Calculate Field Abun" ToolSource="c:\program files (x86)\arcgis\desktop10.2\ArcToolbox\Toolboxes\Data Management Tools.tbx\CalculateField" Date="20170818" Time="141445">CalculateField "E:\ESRI\MMDS\Phase III\Projects\NWTT\Data_Development\Data\NMSDD_PhaseIII_NWTT_offshore.gdb\Blue_whale_fall" ABUNDANCE "[DENSITY] * [AREA_SQKM]" VB #</Process><Process Name="Calculate Field Calc KM" ToolSource="c:\program files (x86)\arcgis\desktop10.2\ArcToolbox\Toolboxes\Data Management Tools.tbx\CalculateField" Date="20170905" Time="110917">CalculateField "E:\ESRI\MMDS\Phase III\Projects\NWTT\Data_Development\Data\NMSDD_PhaseIII_NWTT_offshore.gdb\Blue_whale_fall" AREA_SQKM !SHAPE.AREA@SQUAREKILOMETERS! PYTHON_9.3 #</Process><Process Name="Calculate Field Abun" ToolSource="c:\program files (x86)\arcgis\desktop10.2\ArcToolbox\Toolboxes\Data Management Tools.tbx\CalculateField" Date="20170905" Time="110924">CalculateField "E:\ESRI\MMDS\Phase III\Projects\NWTT\Data_Development\Data\NMSDD_PhaseIII_NWTT_offshore.gdb\Blue_whale_fall" ABUNDANCE "[DENSITY] * [AREA_SQKM]" VB #</Process><Process Name="Add Geometry Attributes" ToolSource="c:\program files (x86)\arcgis\desktop10.5\ArcToolbox\Toolboxes\Data Management Tools.tbx\AddGeometryAttributes" Date="20170918" Time="114700">AddGeometryAttributes \\551GIS\gis\GIS_Data\Science\Biological\NMSDD_PhaseIII\NWTT\Workspace\NWTT_Offshore_V1_workspace\NMSDD_PhaseIII_NWTT_offshore_internal.gdb\Blue_whale_fall AREA_GEODESIC # SQUARE_KILOMETERS PROJCS['World_Cylindrical_Equal_Area',GEOGCS['GCS_WGS_1984',DATUM['D_WGS_1984',SPHEROID['WGS_1984',6378137.0,298.257223563]],PRIMEM['Greenwich',0.0],UNIT['Degree',0.0174532925199433]],PROJECTION['Cylindrical_Equal_Area'],PARAMETER['False_Easting',0.0],PARAMETER['False_Northing',0.0],PARAMETER['Central_Meridian',0.0],PARAMETER['Standard_Parallel_1',0.0],UNIT['Meter',1.0]]</Process><Process Name="Calculate Field" ToolSource="c:\program files (x86)\arcgis\desktop10.5\ArcToolbox\Toolboxes\Data Management Tools.tbx\CalculateField" Date="20170918" Time="114706">CalculateField \\551GIS\gis\GIS_Data\Science\Biological\NMSDD_PhaseIII\NWTT\Workspace\NWTT_Offshore_V1_workspace\NMSDD_PhaseIII_NWTT_offshore_internal.gdb\Blue_whale_fall AREA_SQKM !AREA_GEO! PYTHON #</Process><Process Name="Calculate Field (2)" ToolSource="c:\program files (x86)\arcgis\desktop10.5\ArcToolbox\Toolboxes\Data Management Tools.tbx\CalculateField" Date="20170918" Time="114711">CalculateField \\551GIS\gis\GIS_Data\Science\Biological\NMSDD_PhaseIII\NWTT\Workspace\NWTT_Offshore_V1_workspace\NMSDD_PhaseIII_NWTT_offshore_internal.gdb\Blue_whale_fall ABUNDANCE "!DENSITY! * !AREA_SQKM!" PYTHON_9.3 #</Process><Process Name="Delete Field" ToolSource="c:\program files (x86)\arcgis\desktop10.5\ArcToolbox\Toolboxes\Data Management Tools.tbx\DeleteField" Date="20170918" Time="114716">DeleteField \\551GIS\gis\GIS_Data\Science\Biological\NMSDD_PhaseIII\NWTT\Workspace\NWTT_Offshore_V1_workspace\NMSDD_PhaseIII_NWTT_offshore_internal.gdb\Blue_whale_fall AREA_GEO</Process><Process Name="Erase" ToolSource="c:\program files (x86)\arcgis\desktop10.5\ArcToolbox\Toolboxes\Analysis Tools.tbx\Erase" Date="20170918" Time="131657">Erase \\551gis\gis\GIS_Data\Science\Biological\NMSDD_PhaseIII\NWTT\Workspace\NWTT_Offshore_V1_workspace\NMSDD_PhaseIII_NWTT_offshore_internal.gdb\Blue_whale_fall DBDBV_coast_PolyV1 \\551gis\gis\GIS_Data\Science\Biological\NMSDD_PhaseIII\NWTT\Workspace\NWTT_Offshore_V1_workspace\NMSDD_PhaseIII_NWTT_offshore_internal_clip.gdb\Blue_whale_fall #</Process><Process Name="Add Geometry Attributes" ToolSource="c:\program files (x86)\arcgis\desktop10.5\ArcToolbox\Toolboxes\Data Management Tools.tbx\AddGeometryAttributes" Date="20170918" Time="131715">AddGeometryAttributes \\551gis\gis\GIS_Data\Science\Biological\NMSDD_PhaseIII\NWTT\Workspace\NWTT_Offshore_V1_workspace\NMSDD_PhaseIII_NWTT_offshore_internal_clip.gdb\Blue_whale_fall AREA_GEODESIC # SQUARE_KILOMETERS PROJCS['World_Cylindrical_Equal_Area',GEOGCS['GCS_WGS_1984',DATUM['D_WGS_1984',SPHEROID['WGS_1984',6378137.0,298.257223563]],PRIMEM['Greenwich',0.0],UNIT['Degree',0.0174532925199433]],PROJECTION['Cylindrical_Equal_Area'],PARAMETER['False_Easting',0.0],PARAMETER['False_Northing',0.0],PARAMETER['Central_Meridian',0.0],PARAMETER['Standard_Parallel_1',0.0],UNIT['Meter',1.0]]</Process><Process Name="Calculate Field" ToolSource="c:\program files (x86)\arcgis\desktop10.5\ArcToolbox\Toolboxes\Data Management Tools.tbx\CalculateField" Date="20170918" Time="131721">CalculateField \\551gis\gis\GIS_Data\Science\Biological\NMSDD_PhaseIII\NWTT\Workspace\NWTT_Offshore_V1_workspace\NMSDD_PhaseIII_NWTT_offshore_internal_clip.gdb\Blue_whale_fall AREA_SQKM !AREA_GEO! PYTHON_9.3 #</Process><Process Name="Calculate Field (2)" ToolSource="c:\program files (x86)\arcgis\desktop10.5\ArcToolbox\Toolboxes\Data Management Tools.tbx\CalculateField" Date="20170918" Time="131726">CalculateField \\551gis\gis\GIS_Data\Science\Biological\NMSDD_PhaseIII\NWTT\Workspace\NWTT_Offshore_V1_workspace\NMSDD_PhaseIII_NWTT_offshore_internal_clip.gdb\Blue_whale_fall ABUNDANCE "!DENSITY! * !AREA_SQKM!" PYTHON_9.3 #</Process><Process Name="Delete Field" ToolSource="c:\program files (x86)\arcgis\desktop10.5\ArcToolbox\Toolboxes\Data Management Tools.tbx\DeleteField" Date="20170918" Time="131731">DeleteField \\551gis\gis\GIS_Data\Science\Biological\NMSDD_PhaseIII\NWTT\Workspace\NWTT_Offshore_V1_workspace\NMSDD_PhaseIII_NWTT_offshore_internal_clip.gdb\Blue_whale_fall AREA_GEO</Process></lineage><itemProps><itemLocation><linkage Sync="TRUE">file://\\1267-398827\C$\Users\BartleyB\Documents\ArcGIS\NWTT_Example\species\v106\nmsdd_nwtt_offshore_v5_internal_working.gdb</linkage><protocol Sync="TRUE">Local Area Network</protocol></itemLocation><itemName Sync="TRUE">Blue_whale_fall</itemName><nativeExtBox><westBL Sync="TRUE">-131.000000</westBL><eastBL Sync="TRUE">-117.097556</eastBL><southBL Sync="TRUE">30.050000</southBL><northBL Sync="TRUE">48.506100</northBL><exTypeCode Sync="TRUE">1</exTypeCode></nativeExtBox><imsContentType>002</imsContentType></itemProps><coordRef><type Sync="TRUE">Geographic</type><geogcsn Sync="TRUE">GCS_WGS_1984</geogcsn><csUnits Sync="TRUE">Angular Unit: Degree (0.017453)</csUnits><peXml Sync="TRUE">&lt;GeographicCoordinateSystem xsi:type='typens:GeographicCoordinateSystem' xmlns:xsi='http://www.w3.org/2001/XMLSchema-instance' xmlns:xs='http://www.w3.org/2001/XMLSchema' xmlns:typens='http://www.esri.com/schemas/ArcGIS/10.5'&gt;&lt;WKT&gt;GEOGCS[&amp;quot;GCS_WGS_1984&amp;quot;,DATUM[&amp;quot;D_WGS_1984&amp;quot;,SPHEROID[&amp;quot;WGS_1984&amp;quot;,6378137.0,298.257223563]],PRIMEM[&amp;quot;Greenwich&amp;quot;,0.0],UNIT[&amp;quot;Degree&amp;quot;,0.0174532925199433],AUTHORITY[&amp;quot;EPSG&amp;quot;,4326]]&lt;/WKT&gt;&lt;XOrigin&gt;-400&lt;/XOrigin&gt;&lt;YOrigin&gt;-400&lt;/YOrigin&gt;&lt;XYScale&gt;999999999.99999988&lt;/XYScale&gt;&lt;ZOrigin&gt;-100000&lt;/ZOrigin&gt;&lt;ZScale&gt;10000&lt;/ZScale&gt;&lt;MOrigin&gt;-100000&lt;/MOrigin&gt;&lt;MScale&gt;10000&lt;/MScale&gt;&lt;XYTolerance&gt;8.983152841195215e-009&lt;/XYTolerance&gt;&lt;ZTolerance&gt;0.001&lt;/ZTolerance&gt;&lt;MTolerance&gt;0.001&lt;/MTolerance&gt;&lt;HighPrecision&gt;true&lt;/HighPrecision&gt;&lt;LeftLongitude&gt;-180&lt;/LeftLongitude&gt;&lt;WKID&gt;4326&lt;/WKID&gt;&lt;LatestWKID&gt;4326&lt;/LatestWKID&gt;&lt;/GeographicCoordinateSystem&gt;</peXml></coordRef></DataProperties><SyncDate>20170918</SyncDate><SyncTime>13164600</SyncTime><ModDate>20170918</ModDate><ModTime>13164600</ModTime></Esri><eainfo><detailed Name="Blue_whale_fall"><enttyp><enttypl Sync="TRUE">Blue_whale_fall</enttypl><enttypt Sync="TRUE">Feature Class</enttypt><enttypc Sync="TRUE">0</enttypc></enttyp><attr><attrlabl Sync="TRUE">OBJECTID</attrlabl><attalias Sync="TRUE">OBJECTID</attalias><attrtype Sync="TRUE">OID</attrtype><attwidth Sync="TRUE">4</attwidth><atprecis Sync="TRUE">0</atprecis><attscale Sync="TRUE">0</attscale><attrdef Sync="TRUE">Internal feature number.</attrdef><attrdefs Sync="TRUE">Esri</attrdefs><attrdomv><udom Sync="TRUE">Sequential unique whole numbers that are automatically generated.</udom></attrdomv></attr><attr><attrlabl Sync="TRUE">SHAPE</attrlabl><attalias Sync="TRUE">SHAPE</attalias><attrtype Sync="TRUE">Geometry</attrtype><attwidth Sync="TRUE">0</attwidth><atprecis Sync="TRUE">0</atprecis><attscale Sync="TRUE">0</attscale><attrdef Sync="TRUE">Feature geometry.</attrdef><attrdefs Sync="TRUE">Esri</attrdefs><attrdomv><udom Sync="TRUE">Coordinates defining the features.</udom></attrdomv></attr><attr><attrlabl Sync="TRUE">UID</attrlabl><attalias Sync="TRUE">UID</attalias><attrtype Sync="TRUE">Integer</attrtype><attwidth Sync="TRUE">4</attwidth><atprecis Sync="TRUE">0</atprecis><attscale Sync="TRUE">0</attscale></attr><attr><attrlabl Sync="TRUE">SPECIES</attrlabl><attalias Sync="TRUE">SPECIES</attalias><attrtype Sync="TRUE">String</attrtype><attwidth Sync="TRUE">254</attwidth><atprecis Sync="TRUE">0</atprecis><attscale Sync="TRUE">0</attscale></attr><attr><attrlabl Sync="TRUE">SPECIES_2</attrlabl><attalias Sync="TRUE">SPECIES_2</attalias><attrtype Sync="TRUE">String</attrtype><attwidth Sync="TRUE">254</attwidth><atprecis Sync="TRUE">0</atprecis><attscale Sync="TRUE">0</attscale></attr><attr><attrlabl Sync="TRUE">MONTH_NUMB</attrlabl><attalias Sync="TRUE">MONTH_NUMB</attalias><attrtype Sync="TRUE">Integer</attrtype><attwidth Sync="TRUE">4</attwidth><atprecis Sync="TRUE">0</atprecis><attscale Sync="TRUE">0</attscale></attr><attr><attrlabl Sync="TRUE">MONTH_NAME</attrlabl><attalias Sync="TRUE">MONTH_NAME</attalias><attrtype Sync="TRUE">String</attrtype><attwidth Sync="TRUE">50</attwidth><atprecis Sync="TRUE">0</atprecis><attscale Sync="TRUE">0</attscale></attr><attr><attrlabl Sync="TRUE">STUDY</attrlabl><attalias Sync="TRUE">STUDY</attalias><attrtype Sync="TRUE">String</attrtype><attwidth Sync="TRUE">254</attwidth><atprecis Sync="TRUE">0</atprecis><attscale Sync="TRUE">0</attscale></attr><attr><attrlabl Sync="TRUE">STRATUM</attrlabl><attalias Sync="TRUE">STRATUM</attalias><attrtype Sync="TRUE">String</attrtype><attwidth Sync="TRUE">50</attwidth><atprecis Sync="TRUE">0</atprecis><attscale Sync="TRUE">0</attscale></attr><attr><attrlabl Sync="TRUE">MODEL_TYPE</attrlabl><attalias Sync="TRUE">MODEL_TYPE</attalias><attrtype Sync="TRUE">String</attrtype><attwidth Sync="TRUE">50</attwidth><atprecis Sync="TRUE">0</atprecis><attscale Sync="TRUE">0</attscale></attr><attr><attrlabl Sync="TRUE">DENSITY</attrlabl><attalias Sync="TRUE">DENSITY</attalias><attrtype Sync="TRUE">Double</attrtype><attwidth Sync="TRUE">8</attwidth><atprecis Sync="TRUE">0</atprecis><attscale Sync="TRUE">0</attscale></attr><attr><attrlabl Sync="TRUE">UNCERTAINTY</attrlabl><attalias Sync="TRUE">UNCERTAINTY</attalias><attrtype Sync="TRUE">Double</attrtype><attwidth Sync="TRUE">8</attwidth><atprecis Sync="TRUE">0</atprecis><attscale Sync="TRUE">0</attscale></attr><attr><attrlabl Sync="TRUE">UNCER_QUAL</attrlabl><attalias Sync="TRUE">UNCER_QUAL</attalias><attrtype Sync="TRUE">String</attrtype><attwidth Sync="TRUE">254</attwidth><atprecis Sync="TRUE">0</atprecis><attscale Sync="TRUE">0</attscale></attr><attr><attrlabl Sync="TRUE">MODEL_VERS</attrlabl><attalias Sync="TRUE">MODEL_VERS</attalias><attrtype Sync="TRUE">String</attrtype><attwidth Sync="TRUE">50</attwidth><atprecis Sync="TRUE">0</atprecis><attscale Sync="TRUE">0</attscale></attr><attr><attrlabl Sync="TRUE">NAEMO_VERS</attrlabl><attalias Sync="TRUE">NAEMO_VERS</attalias><attrtype Sync="TRUE">Integer</attrtype><attwidth Sync="TRUE">4</attwidth><atprecis Sync="TRUE">0</atprecis><attscale Sync="TRUE">0</attscale></attr><attr><attrlabl Sync="TRUE">SEASON</attrlabl><attalias Sync="TRUE">SEASON</attalias><attrtype Sync="TRUE">String</attrtype><attwidth Sync="TRUE">50</attwidth><atprecis Sync="TRUE">0</atprecis><attscale Sync="TRUE">0</attscale></attr><attr><attrlabl Sync="TRUE">AREA_SQKM</attrlabl><attalias Sync="TRUE">AREA_SQKM</attalias><attrtype Sync="TRUE">Single</attrtype><attwidth Sync="TRUE">4</attwidth><atprecis Sync="TRUE">0</atprecis><attscale Sync="TRUE">0</attscale></attr><attr><attrlabl Sync="TRUE">ABUNDANCE</attrlabl><attalias Sync="TRUE">ABUNDANCE</attalias><attrtype Sync="TRUE">Double</attrtype><attwidth Sync="TRUE">8</attwidth><atprecis Sync="TRUE">0</atprecis><attscale Sync="TRUE">0</attscale></attr><attr><attrlabl Sync="TRUE">ABUNDANCE2</attrlabl><attalias Sync="TRUE">ABUNDANCE2</attalias><attrtype Sync="TRUE">Double</attrtype><attwidth Sync="TRUE">8</attwidth><atprecis Sync="TRUE">0</atprecis><attscale Sync="TRUE">0</attscale></attr><attr><attrlabl Sync="TRUE">AREA_SQKM2</attrlabl><attalias Sync="TRUE">AREA_SQKM2</attalias><attrtype Sync="TRUE">Double</attrtype><attwidth Sync="TRUE">8</attwidth><atprecis Sync="TRUE">0</atprecis><attscale Sync="TRUE">0</attscale></attr><attr><attrlabl Sync="TRUE">SHAPE_Length</attrlabl><attalias Sync="TRUE">SHAPE_Length</attalias><attrtype Sync="TRUE">Double</attrtype><attwidth Sync="TRUE">8</attwidth><atprecis Sync="TRUE">0</atprecis><attscale Sync="TRUE">0</attscale><attrdef Sync="TRUE">Length of feature in internal units.</attrdef><attrdefs Sync="TRUE">Esri</attrdefs><attrdomv><udom Sync="TRUE">Positive real numbers that are automatically generated.</udom></attrdomv></attr><attr><attrlabl Sync="TRUE">SHAPE_Area</attrlabl><attalias Sync="TRUE">SHAPE_Area</attalias><attrtype Sync="TRUE">Double</attrtype><attwidth Sync="TRUE">8</attwidth><atprecis Sync="TRUE">0</atprecis><attscale Sync="TRUE">0</attscale><attrdef Sync="TRUE">Area of feature in internal units squared.</attrdef><attrdefs Sync="TRUE">Esri</attrdefs><attrdomv><udom Sync="TRUE">Positive real numbers that are automatically generated.</udom></attrdomv></attr></detailed></eainfo><mdLang><languageCode value="eng"/><countryCode value="USA" Sync="TRUE"></countryCode></mdLang><mdChar><CharSetCd value="004"/></mdChar><mdHrLv><ScopeCd value="005"/></mdHrLv><mdHrLvName>dataset</mdHrLvName><mdContact><rpIndName>Ryan Hoopes</rpIndName><rpOrgName>ManTech Intl Corporation</rpOrgName><rpPosName>GIS Analyst</rpPosName><rpCntInfo><cntPhone><voiceNum>858-345-1956</voiceNum></cntPhone><cntAddress><delPoint>420 Stevens Ave</delPoint><city>Solana Beach</city><adminArea>California</adminArea><postCode>92075</postCode><country>US</country><eMailAdd>ryan.hoopes@mantech.com</eMailAdd></cntAddress></rpCntInfo><role><RoleCd value="006"/></role></mdContact><mdContact><rpIndName>Sean Hanser</rpIndName><rpOrgName>Naval Facilities Engineering Command Pacific</rpOrgName><rpPosName>Supervisory Natural Resources Management Specialist for Marine Resources</rpPosName><rpCntInfo><cntPhone><voiceNum>(808)472-1388</voiceNum></cntPhone><cntAddress><delPoint>258 Makalapa Dr, Ste 100 Building 258 / Floor 3 Room 258C233.</delPoint><city>Pearl Harbor</city><adminArea>Hawaii</adminArea><postCode>96860-3134</postCode><country>US</country><eMailAdd>sean.hanser@navy.mil</eMailAdd></cntAddress></rpCntInfo><role><RoleCd value="005"/></role></mdContact><mdContact><rpIndName>Jason Benda</rpIndName><rpOrgName>NUWC Newport, Environmental Division</rpOrgName><rpPosName>GIS Coordinator</rpPosName><rpCntInfo><cntPhone><voiceNum>(401)832-3521</voiceNum></cntPhone><cntAddress><delPoint>1176 Howell Street</delPoint><city>Newport</city><adminArea>Rhode Island</adminArea><postCode>02841-1708</postCode><country>US</country></cntAddress></rpCntInfo><role><RoleCd value="005"/></role></mdContact><mdDateSt>20170117</mdDateSt><mdStanName>ArcGIS Metadata</mdStanName><mdStanVer>1.0</mdStanVer><distInfo><distFormat><formatName>File Geodatabase Feature Class</formatName><formatVer>v10.2</formatVer></distFormat></distInfo><dataIdInfo><idCitation><resTitle>Blue whale - Fall Density - US Navy - Northwest Training and Testing (NWTT) Offshore Study Area</resTitle><date><createDate>2015-09-25T00:00:00</createDate></date><resEd>Phase III</resEd><citRespParty><rpIndName>Sean Hanser</rpIndName><rpOrgName>Naval Facilities Engineering Command Pacific</rpOrgName><rpPosName>Supervisory Natural Resources Management Specialist for Marine Resources</rpPosName><rpCntInfo><cntPhone><voiceNum>(808)472-1388</voiceNum></cntPhone><cntAddress><delPoint>258 Makalapa Dr, Ste 100 Building 258 / Floor 3 Room 258C233.</delPoint><city>Pearl Harbor</city><adminArea>Hawaii</adminArea><postCode>96860-3134</postCode><country>US</country><eMailAdd>sean.hanser@navy.mil</eMailAdd></cntAddress></rpCntInfo><role><RoleCd value="005"/></role></citRespParty><citRespParty><rpIndName>Jason Benda</rpIndName><rpOrgName>NUWC Newport, Environmental Division</rpOrgName><rpPosName>GIS Coordinator</rpPosName><rpCntInfo><cntPhone><voiceNum>(401) 832-3521</voiceNum></cntPhone><cntAddress><delPoint>1176 Howell Street</delPoint><city>Newport</city><adminArea>Rhode Island</adminArea><postCode>02841-1708</postCode><country>US</country><eMailAdd>jason.a.benda@navy.mil</eMailAdd></cntAddress></rpCntInfo><role><RoleCd value="005"/></role></citRespParty><presForm><PresFormCd value="005"/></presForm><collTitle>Global Navy Marine Species Density Database</collTitle></idCitation><idAbs>Annual estimated density of Blue whale (Balaenoptera musculus ) expressed as the number of individuals per square kilometer, within the Northwest Training and Testing (NWTT) Study Area. Information on data development and process steps available in the Data Quality Information Section. See the U.S. Navy Marine Species Density Database Phase III for the NWTT Study Area Technical Report for more information.</idAbs><idPurp>The primary purpose of the Navy Marine Species Density Database (NMSDD) is for use in Navy environmental effects analysis. The Navy and other users of the marine environment conduct many activities that can potentially harm marine mammals and sea turtles. Consequently, these entities are required to complete Environmental Assessments and Environmental Impact Statements to determine the likely impact of their activities. Specifically, those documents require an estimate of the number of animals that might be harmed or disturbed. A key element of this estimation is knowledge of cetacean (whale, dolphin, and porpoise) and turtle densities in specific areas where those activities will occur. The US Navy is responsible for compliance with a suite of federal environmental and natural resources laws and regulations that apply to the marine environment, including the Endangered Species Act (ESA), the Marine Mammal Protection Act (MMPA), the Magnuson-Stevens Fishery Conservation and Management Act, the Marine Protection, Research and Sanctuaries Act (MPRSA), Clean Water Act (CWA), Executive Order 13089 on Coral Reef Protection, and the National Environmental Policy Act (NEPA)/Executive Order 12114 (EO 12114). Additionally, Federal Activities that have the potential to affect the state coastal zone are required to be consistent with respective state coastal zone management plans mandated by the Coastal Zone Management Act (CZMA). Consistency across various Navy projects addressing impacts to marine mammals and sea turtles is critical. As part of the Tactical Training Theatre Assessment &amp; Planning (TAP) Program NEPA process, the Navy aggregated or produced marine mammal and sea turtle density estimates in 2008 for the Hawaiian Range Complex (HRC), Gulf of Alaska (GOA) Temporary Maritime Activity Area, Mariana Islands Range Complex (MIRC), Northwest Training Range Complex (NWTRC), Atlantic Fleet Training and Testing (AFTT) Range Complex, and Southern California (SOCAL) Range Complex. A combination of data products from the National Marine Fisheries Service (NMFS) Northeast, Southeast, and Southwest Fisheries Science Centers (NEFSC, SEFSC, PIFSC, and SWFSC respectively) and literature review of peer-reviewed scientific publications was used to generate region-specific marine mammal and sea turtle density estimates for use in acoustic impact analyses. In-water densities are typically estimated by line-transect surveys. Within United States Exclusive Economic Zone (US EEZ) waters and in the Eastern Tropical Pacific (ETP), most surveys have been conducted by the US National Marine Fisheries Service as part of their stock assessment research and typically result in estimates of densities for very large geographic strata (e.g., the entire US West Coast). Although estimates are sometimes available for smaller strata (e.g., the waters off southern California), these areas are still much larger than the operational areas where impacts may occur (e.g., the Navy's Southern California Offshore Range (SCORE) off San Clemente Island). Stratification methods cannot provide accurate density estimates for small areas because sample size (i.e., the number of cetacean sightings) becomes limiting as areas become smaller. Recently, habitat modeling has been developed as a method to estimate cetacean and sea turtle densities. These models allow predictions of densities on a finer spatial scale than traditional line-transect analyses because densities are estimated as a continuous function of habitat variables (i.e., sea surface temperature, seafloor depth, distance from shore, prey density, etc.). Densities can then be predicted wherever these habitat variables can be measured or estimated, within the area that was modeled. The Navy Marine Species Density Database (NMSDD) is a compilation of available density data from a number of sources and data types. The density data covers the geographic extent of the distribution of each species and is divided into seasons where possible. The density data come from various sources and are incorporated into the database based on the quality of available data for the geographic area. The NMSDD includes the highest quality, spatially modeled, density data where possible. For all geographic areas, data were evaluated using a hierarchical approach and a review process to incorporate the best data available. See the Northwest Training and Testing (NWTT), Study Area Technical Report and the NWTT Environmental Impact Statement (EIS) for more information.</idPurp><idCredit>Naval Facilities Engineering Command, Pacific (NAVFAC);Naval Facilities Engineering Command,Northwest (NAVFAC) Naval Sea Systems Command (NUWC); ManTech International Corporation; Becker et al., in prep 2017</idCredit><idPoC><rpIndName>Jason Benda</rpIndName><rpOrgName>NUWC Newport, Environmental Division</rpOrgName><rpPosName>GIS Coordinator</rpPosName><rpCntInfo><cntPhone><voiceNum>(401)832-3521</voiceNum></cntPhone><cntAddress><delPoint>1176 Howell Street</delPoint><city>Newport</city><adminArea>Rhode Island</adminArea><postCode>02841-1708</postCode><country>US</country><eMailAdd>jason.a.benda@navy.mil</eMailAdd></cntAddress></rpCntInfo><role><RoleCd value="005"/></role></idPoC><idPoC><rpOrgName>ManTech Intl Corp.</rpOrgName><rpCntInfo><cntAddress><eMailAdd>GIS@ManTech.com</eMailAdd></cntAddress></rpCntInfo><role><RoleCd value="007"/></role></idPoC><idPoC><rpIndName>Sean Hanser</rpIndName><rpOrgName>Naval Facilities Engineering Command Pacific</rpOrgName><rpPosName>Supervisory Natural Resources Management Specialist for Marine Resources</rpPosName><rpCntInfo><cntPhone><voiceNum>(808)472-1388</voiceNum></cntPhone><cntAddress><delPoint>258 Makalapa Dr, Ste 100 Building 258 / Floor 3 Room 258C233.</delPoint><city>Pearl Harbor</city><adminArea>Hawaii</adminArea><postCode>96860-3134</postCode><country>US</country><eMailAdd>sean.hanser@navy.mil</eMailAdd></cntAddress></rpCntInfo><role><RoleCd value="005"/></role></idPoC><resMaint><maintFreq><MaintFreqCd value="009"/></maintFreq></resMaint><otherKeys><keyword>Navy Marine Species Density Database Phase III</keyword><keyword>June-Nov</keyword><keyword>NMSDD</keyword><keyword>United States Navy</keyword><keyword>Balaenoptera musculus</keyword><keyword>Summer/Fall</keyword><keyword>NAVFAC</keyword><keyword>Habitat-Based Density Model</keyword><keyword>Cetacean</keyword><keyword>Marine Mammals</keyword><keyword>Northwest Training and Testing (NWTT)</keyword><keyword>Naval Facilities Engineering Command Pacific</keyword><keyword>Blue whale</keyword><keyword>Oregon</keyword><keyword>California</keyword><keyword>HBDM</keyword><keyword>Offshore</keyword><keyword>Washington</keyword></otherKeys><searchKeys><keyword>Navy Marine Species Density Database Phase III</keyword><keyword>June-Nov</keyword><keyword>NMSDD</keyword><keyword>United States Navy</keyword><keyword>Balaenoptera musculus</keyword><keyword>Summer/Fall</keyword><keyword>NAVFAC</keyword><keyword>Habitat-Based Density Model</keyword><keyword>Cetacean</keyword><keyword>Marine Mammals</keyword><keyword>Northwest Training and Testing (NWTT)</keyword><keyword>Naval Facilities Engineering Command Pacific</keyword><keyword>Blue whale</keyword><keyword>Oregon</keyword><keyword>California</keyword><keyword>HBDM</keyword><keyword>Offshore</keyword><keyword>Washington</keyword></searchKeys><resConst><Consts><useLimit>The user must be aware of data conditions and ultimately bear responsibility for the appropriate use of the information with respect to possible errors, original map scale, collection methodology, currency of data, and other conditions specific to certain data.</useLimit></Consts></resConst><spatRpType><SpatRepTypCd value="001"/></spatRpType><dataLang><languageCode value="eng"/><countryCode value="USA" Sync="TRUE"></countryCode></dataLang><dataChar><CharSetCd value="004"/></dataChar><tpCat><TopicCatCd value="002"/></tpCat><tpCat><TopicCatCd value="011"/></tpCat><tpCat><TopicCatCd value="014"/></tpCat><tpCat><TopicCatCd value="007"/></tpCat><envirDesc>Microsoft Windows 7 Version 6.1 (Build 7601) Service Pack 1; Esri ArcGIS 10.2.2.3552</envirDesc><dataExt><geoEle><GeoBndBox esriExtentType="search"><exTypeCode Sync="TRUE">1</exTypeCode><westBL Sync="TRUE">-131.000000</westBL><eastBL Sync="TRUE">-117.097556</eastBL><northBL Sync="TRUE">48.506100</northBL><southBL Sync="TRUE">30.050000</southBL></GeoBndBox></geoEle></dataExt></dataIdInfo><mdMaint><maintFreq><MaintFreqCd value="009"/></maintFreq></mdMaint><dqInfo><dqScope><scpLvl><ScopeCd value="005"/></scpLvl></dqScope><dataLineage><statement>NWTT Study area boundary was created with NAVFAC NW Navy direction.. NMSDD compliant fields were populated from various sources described below. For the area defined as "CCE": California Current Ecosystem (CCE) marine mammal density data were derived from habitat-based density models (HBDM) developed by marine mammal subject matter experts (SME)(Becker et al. 2016). HBDM output data were migrated to GIS layers compliant with the NMSDD schema. All data migrated to NMSDD compliant layers by ManTech International Corporation in 2017. See process steps and NWTT Technical Report for more information on species density estimates and sources.</statement><prcStep><stepDesc>The extents of the NWTT offshore study area were defined by Naval Facilities Engineering Command Pacific (NAVFAC Pacific) with input from Pacific Fleet (PACFLT) biologists. Based on the operations and sound sources modeled in the Navy’s effects analysis for Phase III, acoustic modeling study areas were established to best characterize the operations and capture the range of environmental conditions within the NWTT Study Area.</stepDesc><stepProc><rpOrgName>US Navy</rpOrgName><role><RoleCd value="006"/></role></stepProc><stepProc><rpIndName>Jason Benda</rpIndName><rpOrgName>NUWC Newport, Environmental Division</rpOrgName><rpPosName>GIS Coordinator</rpPosName><rpCntInfo><cntPhone><voiceNum>(401) 832-3521</voiceNum></cntPhone><cntAddress><delPoint>1176 Howell Street</delPoint><city>Newport</city><adminArea>Rhode Island</adminArea><postCode>02841-1708</postCode><country>US</country><eMailAdd>jason.a.benda@navy.mil</eMailAdd></cntAddress></rpCntInfo><role><RoleCd value="005"/></role></stepProc></prcStep><prcStep><stepDesc>The following fields were populated using a script developed in Python with inputs provided by subject matter experts (SME): SPECIES, SPECIES_2,STUDY, STRATUM, MODEL_TYPE, SEASON, AREA_SQKM, ABUNDANCE. The AREA_SQKM field was populated by calculating square kilometers using the ArcGIS geometry calculator.Areas were calculated using the World Cylindrical Equal Area projection. The ABUNDANCE field was populated by running a field calculation that multiplied the DENSITY and AREA_SQKM fields.</stepDesc><stepProc><rpIndName>Ryan Hoopes</rpIndName><rpOrgName>ManTech Intl Corporation</rpOrgName><rpPosName>GIS Analyst</rpPosName><rpCntInfo><cntPhone><voiceNum>858-345-1956</voiceNum></cntPhone><cntAddress><delPoint>420 Stevens Ave</delPoint><city>Solana Beach</city><adminArea>California</adminArea><postCode>92075</postCode><country>US</country><eMailAdd>ryan.hoopes@mantech.com</eMailAdd></cntAddress></rpCntInfo><role><RoleCd value="009"/></role></stepProc></prcStep><prcStep><stepDesc>Data geometry was validated by running ArcGIS topology checks and the check/repair geometry tool. Attribute values were validated by running a python script to ensure all fields were correctly populated.</stepDesc><stepProc><rpIndName>Ryan Hoopes</rpIndName><rpOrgName>ManTech Intl Corporation</rpOrgName><rpPosName>GIS Analyst</rpPosName><rpCntInfo><cntPhone><voiceNum>858-345-1956</voiceNum></cntPhone><cntAddress><delPoint>420 Stevens Ave</delPoint><city>Solana Beach</city><adminArea>California</adminArea><postCode>92075</postCode><country>US</country><eMailAdd>ryan.hoopes@mantech.com</eMailAdd></cntAddress></rpCntInfo><role><RoleCd value="009"/></role></stepProc></prcStep><prcStep><stepDesc>The NMSDD compliant grid layer, which required each cell to be 10² km, was produced using the ArcGIS Data Reviewer Extension 'Create' Polygon Grid Wizard". The grid was created at a resolution of 360 seconds to be consistent with the resolution from the Habitat-based Density Model output. The gridded data layer was created to cover the entire study area. All fields required for the NMSDD were added.</stepDesc><stepProc><rpIndName>Ryan Hoopes</rpIndName><rpOrgName>ManTech Intl Corporation</rpOrgName><rpPosName>GIS Analyst</rpPosName><rpCntInfo><cntPhone><voiceNum>858-345-1956</voiceNum></cntPhone><cntAddress><delPoint>420 Stevens Ave</delPoint><city>Solana Beach</city><adminArea>California</adminArea><postCode>92075</postCode><country>US</country><eMailAdd>ryan.hoopes@mantech.com</eMailAdd></cntAddress></rpCntInfo><role><RoleCd value="009"/></role></stepProc></prcStep><prcStep><stepDesc>Habitat-based Density Model Data: Original data in csv format produced from habitat-based density models (HBDM) were converted to a point shapefile using ArcGIS. A spatial join between the points generated from the HBDM csv output and the NMSDD grid data was created in ArcGIS in order to populate the appropriate NMSDD attribute fieds with the HBDM information. The following fields were calculated from the HBDM information: DENSITY, UNCERTAINTY, AREA_SQKM2, ABUNDANCE2. The UNCERTAINTY field represents the coefficient of variation (CV) value. The AREA_SQKM2 and ABUNDANCE2 fields are for Navy internal purposes only and are used to compare the HBDM and NMSDD grid areas since there could be slight variations due to spatial projections.</stepDesc><stepProc><rpIndName>Ryan Hoopes</rpIndName><rpOrgName>ManTech Intl Corporation</rpOrgName><rpPosName>GIS Analyst</rpPosName><rpCntInfo><cntPhone><voiceNum>858-345-1956</voiceNum></cntPhone><cntAddress><delPoint>420 Stevens Ave</delPoint><city>Solana Beach</city><adminArea>California</adminArea><postCode>92075</postCode><country>US</country><eMailAdd>ryan.hoopes@mantech.com</eMailAdd></cntAddress></rpCntInfo><role><RoleCd value="009"/></role></stepProc></prcStep><prcStep><stepDesc>The grid data north of the HBDM extent, which covers the CCE, were populated by extrapolating the most northern data values of the HBDM data. This was done through the ArcGIS Spatial Join property settings.</stepDesc><stepProc><rpIndName>Ryan Hoopes</rpIndName><rpOrgName>ManTech Intl Corporation</rpOrgName><rpPosName>GIS Analyst</rpPosName><rpCntInfo><cntPhone><voiceNum>858-345-1956</voiceNum></cntPhone><cntAddress><delPoint>420 Stevens Ave</delPoint><city>Solana Beach</city><adminArea>California</adminArea><postCode>92075</postCode><country>US</country><eMailAdd>ryan.hoopes@mantech.com</eMailAdd></cntAddress></rpCntInfo><role><RoleCd value="009"/></role></stepProc></prcStep></dataLineage></dqInfo><spatRepInfo><VectSpatRep><geometObjs Name="Blue_whale_fall"><geoObjTyp><GeoObjTypCd value="002" Sync="TRUE"></GeoObjTypCd></geoObjTyp><geoObjCnt Sync="TRUE">0</geoObjCnt></geometObjs><topLvl><TopoLevCd value="001" Sync="TRUE"></TopoLevCd></topLvl></VectSpatRep></spatRepInfo><refSysInfo><RefSystem><refSysID><identCode code="4326"/><idCodeSpace>EPSG</idCodeSpace><idVersion>8.2.6</idVersion></refSysID></RefSystem></refSysInfo><spdoinfo><ptvctinf><esriterm Name="Blue_whale_fall"><efeatyp Sync="TRUE">Simple</efeatyp><efeageom code="4" Sync="TRUE"></efeageom><esritopo Sync="TRUE">FALSE</esritopo><efeacnt Sync="TRUE">0</efeacnt><spindex Sync="TRUE">TRUE</spindex><linrefer Sync="TRUE">FALSE</linrefer></esriterm></ptvctinf></spdoinfo></metadata>
